{
  "hash": "fb018c71d8a3b3cb34f8cd5cf99cdb03",
  "result": {
    "engine": "jupyter",
    "markdown": "---\ntitle: \"Life Expectancy and GDP per Capita\"\nformat: html\n---\n\n\n\nIn this analysis, we explore the relationship between life expectancy and GDP per capita using the Gapminder dataset. The graph below shows how these two variables are related over time.\n\n::: {#ab35faa1 .cell execution_count=1}\n``` {.python .cell-code}\nimport pandas as pd\nimport seaborn as sns\nimport matplotlib.pyplot as plt\ngap = pd.read_csv('gapminder.csv')\n\nsns.set(style=\"whitegrid\")\n\nplt.figure(figsize=(10, 6))\nsns.scatterplot(data=gap, x='life_expectancy', y='gdp_per_capita', hue='year', palette='viridis', legend='full')\n\nplt.title(\"Life Expectancy vs GDP per Capita Over Time\", fontsize=16)\nplt.xlabel(\"GDP per Capita\", fontsize=12)\nplt.ylabel(\"Life Expectancy\", fontsize=12)\n\nplt.show()\n```\n\n::: {.cell-output .cell-output-display}\n![](life-gdp_files/figure-html/cell-2-output-1.png){width=845 height=533}\n:::\n:::\n\n\n",
    "supporting": [
      "life-gdp_files"
    ],
    "filters": [],
    "includes": {}
  }
}