{
  "hash": "df5d2c103609a132ff0e02d0e8b83635",
  "result": {
    "engine": "jupyter",
    "markdown": "---\ntitle: \"Country Analysis: Afghanistan\"\nformat: html\n---\n\n\n\nIn this analysis, we explore the changes in life expectancy, GDP per capita, and population for Afghanistan over time. The graph below shows the trends for these three variables from 1952 to 2007.\n\n::: {#b54fc4fd .cell execution_count=1}\n``` {.python .cell-code}\nimport pandas as pd\nimport seaborn as sns\nimport matplotlib.pyplot as plt\n\ngap = pd.read_csv('gapminder.csv')\n\nafghanistan_data = gap[gap['country'] == 'Afghanistan']\n\nsns.set(style=\"whitegrid\")\n\nfig, ax1 = plt.subplots(figsize=(12, 6))\n\nsns.lineplot(data=afghanistan_data, x='year', y='life_expectancy', ax=ax1, label='Life Expectancy', color='b')\n\nax2 = ax1.twinx()\nsns.lineplot(data=afghanistan_data, x='year', y='gdp_per_capita', ax=ax2, label='GDP per Capita', color='r')\n\nax3 = ax1.twinx()\nax3.spines['right'].set_position(('outward', 60))  \nsns.lineplot(data=afghanistan_data, x='year', y='population_millions', ax=ax3, label='Population', color='g')\n\nax1.set_xlabel('Year')\nax1.set_ylabel('Life Expectancy', color='b')\nax2.set_ylabel('GDP per Capita', color='r')\nax3.set_ylabel('Population (Millions)', color='g')\n\nplt.title(\"Trends in Life Expectancy, GDP per Capita, and Population for Afghanistan\", fontsize=16)\n\nplt.show()\n```\n\n::: {.cell-output .cell-output-display}\n![](country_files/figure-html/cell-2-output-1.png){width=1090 height=533}\n:::\n:::\n\n\n",
    "supporting": [
      "country_files"
    ],
    "filters": [],
    "includes": {}
  }
}