{
  "hash": "b3d5604c6a48a5790c7c6448935d2f16",
  "result": {
    "engine": "jupyter",
    "markdown": "---\ntitle: \"Life Expectancy and Population\"\nformat: html\n---\n\n\n\n\n\nIn this analysis, we explore the relationship between life expectancy and population size using the Gapminder dataset. The graph below shows how life expectancy relates to population over time.\n\n::: {#cbdc6030 .cell execution_count=1}\n``` {.python .cell-code}\nimport pandas as pd\nimport seaborn as sns\nimport matplotlib.pyplot as plt\n\ngap = pd.read_csv('gapminder.csv')\n\nsns.set(style=\"whitegrid\")\n\nplt.figure(figsize=(10, 6))\nsns.scatterplot(data=gap, x='life_expectancy', y='population_millions', hue='year', palette='coolwarm', legend='full')\n\nplt.title(\"Life Expectancy vs Population Over Time\", fontsize=16)\nplt.xlabel(\"Population (Millions)\", fontsize=12)\nplt.ylabel(\"Life Expectancy\", fontsize=12)\n\nplt.show()\n```\n\n::: {.cell-output .cell-output-display}\n![](life-population_files/figure-html/cell-2-output-1.png){width=828 height=533}\n:::\n:::\n\n\n",
    "supporting": [
      "life-population_files"
    ],
    "filters": [],
    "includes": {}
  }
}